{"cameraMode":{"drawMode":0,"name":"Shaded","section":"Shading Mode"},"sceneLighting":true,"audioPlay":false,"sceneViewState":{"showFog":true,"showMaterialUpdate":true,"showSkybox":true,"showFlares":true,"showImageEffects":true,"showParticleSystems":true},"in2DMode":false,"pivot":{"x":12534.19921875,"y":6855.666015625,"z":-980.0632934570313},"rotation":{"x":-0.02802927978336811,"y":0.9211763143539429,"z":-0.38222262263298037,"w":-0.06754954159259796},"size":126.11168670654297,"orthographic":false}